"gonorrhea","Columbia Health Department","2000 Hampton Street","184"
"herpes","Columbia Health Department","2000 Hampton Street","185"
"syphilis","Columbia Health Department","2000 Hampton Street","186"
"trichomoniasis","Columbia Health Department","2000 Hampton Street","187"
"hiv","Columbia Health Department","2000 Hampton Street","188"
"pills","Columbia Health Department","2000 Hampton Street","189"
"birth control","Columbia Health Department","2000 Hampton Street","190"
"coc","Columbia Health Department","2000 Hampton Street","191"
"pop","Columbia Health Department","2000 Hampton Street","192"
"implant","Columbia Health Department","2000 Hampton Street","193"
"condom","Columbia Health Department","2000 Hampton Street","194"
"male condom","Columbia Health Department","2000 Hampton Street","195"
"female condom","Columbia Health Department","2000 Hampton Street","196"
"film","Columbia Health Department","2000 Hampton Street","197"
"foam","Columbia Health Department","2000 Hampton Street","198"
"rape","Columbia Health Department","2000 Hampton Street","199"
"chlamydia","Franklin C. Fetter Family Health Center","51 Nassau St","200"
"hpv","Franklin C. Fetter Family Health Center","51 Nassau St","201"
"gonorrhea","Franklin C. Fetter Family Health Center","51 Nassau St","202"
"herpes","Franklin C. Fetter Family Health Center","51 Nassau St","203"
"syphilis","Franklin C. Fetter Family Health Center","51 Nassau St","204"
"trichomoniasis","Franklin C. Fetter Family Health Center","51 Nassau St","205"
"hiv","Franklin C. Fetter Family Health Center","51 Nassau St","206"
"birth control","Franklin C. Fetter Family Health Center","51 Nassau St","207"
"male condom","Franklin C. Fetter Family Health Center","51 Nassau St","208"
"female condom","Franklin C. Fetter Family Health Center","51 Nassau St","209"
"std","Franklin C. Fetter Family Health Center","51 Nassau St","2797"
"sex","Franklin C. Fetter Family Health Center","51 Nassau St","2798"
"STDs","Franklin C. Fetter Family Health Center","51 Nassau St","2799"
"chlamydia","Greenville County Public Health Department","200 University Ridge","210"
"hpv","Greenville County Public Health Department","200 University Ridge","211"
"gonorrhea","Greenville County Public Health Department","200 University Ridge","212"
"herpes","Greenville County Public Health Department","200 University Ridge","213"
"syphilis","Greenville County Public Health Department","200 University Ridge","214"
"trichomoniasis","Greenville County Public Health Department","200 University Ridge","215"
"hiv","Greenville County Public Health Department","200 University Ridge","216"
"birth control","Greenville County Public Health Department","200 University Ridge","217"
"chlamydia","Mt. Pleasant Health Department","1189 Iron Bridge Rd #100","218"
"hpv","Mt. Pleasant Health Department","1189 Iron Bridge Rd #100","219"
"gonorrhea","Mt. Pleasant Health Department","1189 Iron Bridge Rd #100","220"
"herpes","Mt. Pleasant Health Department","1189 Iron Bridge Rd #100","221"
"syphilis","Mt. Pleasant Health Department","1189 Iron Bridge Rd #100","222"
"trichomoniasis","Mt. Pleasant Health Department","1189 Iron Bridge Rd #100","223"
"hiv","Mt. Pleasant Health Department","1189 Iron Bridge Rd #100","224"
"pills","Mt. Pleasant Health Department","1189 Iron Bridge Rd #100","225"
"birth control","Mt. Pleasant Health Department","1189 Iron Bridge Rd #100","226"
"pop","Mt. Pleasant Health Department","1189 Iron Bridge Rd #100","227"
"patch","Mt. Pleasant Health Department","1189 Iron Bridge Rd #100","228"
"ring","Mt. Pleasant Health Department","1189 Iron Bridge Rd #100","229"
"cervical cap","Mt. Pleasant Health Department","1189 Iron Bridge Rd #100","230"
"male condom","Mt. Pleasant Health Department","1189 Iron Bridge Rd #100","231"
"female condom","Mt. Pleasant Health Department","1189 Iron Bridge Rd #100","232"
"film","Mt. Pleasant Health Department","1189 Iron Bridge Rd #100","233"
"foam","Mt. Pleasant Health Department","1189 Iron Bridge Rd #100","234"
"pregnancy","Mt. Pleasant Health Department","1189 Iron Bridge Rd #100","235"
"diaphragm","Mt. Pleasant Health Department","1189 Iron Bridge Rd #100","236"
"chlamydia","New Horizon Family Health Services","130 Mallard Street","237"
"hpv","New Horizon Family Health Services","130 Mallard Street","238"
"gonorrhea","New Horizon Family Health Services","130 Mallard Street","239"
"herpes","New Horizon Family Health Services","130 Mallard Street","240"
"syphilis","New Horizon Family Health Services","130 Mallard Street","241"
"trichomoniasis","New Horizon Family Health Services","130 Mallard Street","242"
"hiv","New Horizon Family Health Services","130 Mallard Street","243"
"pills","Northwoods Health Clinic","2070 Northbrook Blvd., Suite A-20 ","244"
"birth control","Northwoods Health Clinic","2070 Northbrook Blvd., Suite A-20 ","245"
"coc","Northwoods Health Clinic","2070 Northbrook Blvd., Suite A-20 ","246"
"pop","Northwoods Health Clinic","2070 Northbrook Blvd., Suite A-20 ","247"
"patch","Northwoods Health Clinic","2070 Northbrook Blvd., Suite A-20 ","248"
"ring","Northwoods Health Clinic","2070 Northbrook Blvd., Suite A-20 ","249"
"implant","Northwoods Health Clinic","2070 Northbrook Blvd., Suite A-20 ","250"
"cervical cap","Northwoods Health Clinic","2070 Northbrook Blvd., Suite A-20 ","251"
"foam","Northwoods Health Clinic","2070 Northbrook Blvd., Suite A-20 ","252"
"pregnancy","Northwoods Health Clinic","2070 Northbrook Blvd., Suite A-20 ","253"
"diaphragm","Northwoods Health Clinic","2070 Northbrook Blvd., Suite A-20 ","254"
"chlamydia","Planned Parenthood Health Systems, Inc.","200 Rutledge Ave","255"
"hpv","Planned Parenthood Health Systems, Inc.","200 Rutledge Ave","256"
"gonorrhea","Planned Parenthood Health Systems, Inc.","200 Rutledge Ave","257"
"herpes","Planned Parenthood Health Systems, Inc.","200 Rutledge Ave","258"
"syphilis","Planned Parenthood Health Systems, Inc.","200 Rutledge Ave","259"
"trichomoniasis","Planned Parenthood Health Systems, Inc.","200 Rutledge Ave","260"
"hiv","Planned Parenthood Health Systems, Inc.","200 Rutledge Ave","261"
"pills","Planned Parenthood Health Systems, Inc.","200 Rutledge Ave","262"
"birth control","Planned Parenthood Health Systems, Inc.","200 Rutledge Ave","263"
"coc","Planned Parenthood Health Systems, Inc.","200 Rutledge Ave","264"
"pop","Planned Parenthood Health Systems, Inc.","200 Rutledge Ave","265"
"patch","Planned Parenthood Health Systems, Inc.","200 Rutledge Ave","266"
"ring","Planned Parenthood Health Systems, Inc.","200 Rutledge Ave","267"
"implant","Planned Parenthood Health Systems, Inc.","200 Rutledge Ave","268"
"cervical cap","Planned Parenthood Health Systems, Inc.","200 Rutledge Ave","269"
"condom","Planned Parenthood Health Systems, Inc.","200 Rutledge Ave","270"
"male condom","Planned Parenthood Health Systems, Inc.","200 Rutledge Ave","271"
"female condom","Planned Parenthood Health Systems, Inc.","200 Rutledge Ave","272"
"film","Planned Parenthood Health Systems, Inc.","200 Rutledge Ave","273"
"foam","Planned Parenthood Health Systems, Inc.","200 Rutledge Ave","274"
"pregnancy","Planned Parenthood Health Systems, Inc.","200 Rutledge Ave","275"
"hormonal","Planned Parenthood Health Systems, Inc.","200 Rutledge Ave","276"
"sponge","Planned Parenthood Health Systems, Inc.","200 Rutledge Ave","277"
"diaphragm","Planned Parenthood Health Systems, Inc.","200 Rutledge Ave","278"
"ec","Planned Parenthood Health Systems, Inc.","200 Rutledge Ave","279"
"idu","Planned Parenthood Health Systems, Inc.","200 Rutledge Ave","280"
"iud","Planned Parenthood Health Systems, Inc.","200 Rutledge Ave","281"
"visiting a clinic","Planned Parenthood Health Systems, Inc.","200 Rutledge Ave","2800"
"STDs","Planned Parenthood Health Systems, Inc.","200 Rutledge Ave","2801"
"chlamydia","Planned Parenthood of South Carolina, Inc.","2712 Middleburg Dr, Suite 107","282"
"hpv","Planned Parenthood of South Carolina, Inc.","2712 Middleburg Dr, Suite 107","283"
"gonorrhea","Planned Parenthood of South Carolina, Inc.","2712 Middleburg Dr, Suite 107","284"
"herpes","Planned Parenthood of South Carolina, Inc.","2712 Middleburg Dr, Suite 107","285"
"syphilis","Planned Parenthood of South Carolina, Inc.","2712 Middleburg Dr, Suite 107","286"
"trichomoniasis","Planned Parenthood of South Carolina, Inc.","2712 Middleburg Dr, Suite 107","287"
"hiv","Planned Parenthood of South Carolina, Inc.","2712 Middleburg Dr, Suite 107","288"
"pills","Planned Parenthood of South Carolina, Inc.","2712 Middleburg Dr, Suite 107","289"
"birth control","Planned Parenthood of South Carolina, Inc.","2712 Middleburg Dr, Suite 107","290"
"coc","Planned Parenthood of South Carolina, Inc.","2712 Middleburg Dr, Suite 107","291"
"pop","Planned Parenthood of South Carolina, Inc.","2712 Middleburg Dr, Suite 107","292"
"patch","Planned Parenthood of South Carolina, Inc.","2712 Middleburg Dr, Suite 107","293"
"ring","Planned Parenthood of South Carolina, Inc.","2712 Middleburg Dr, Suite 107","294"
"implant","Planned Parenthood of South Carolina, Inc.","2712 Middleburg Dr, Suite 107","295"
"cervical cap","Planned Parenthood of South Carolina, Inc.","2712 Middleburg Dr, Suite 107","296"
"condom","Planned Parenthood of South Carolina, Inc.","2712 Middleburg Dr, Suite 107","297"
"male condom","Planned Parenthood of South Carolina, Inc.","2712 Middleburg Dr, Suite 107","298"
"female condom","Planned Parenthood of South Carolina, Inc.","2712 Middleburg Dr, Suite 107","299"
"film","Planned Parenthood of South Carolina, Inc.","2712 Middleburg Dr, Suite 107","300"
"foam","Planned Parenthood of South Carolina, Inc.","2712 Middleburg Dr, Suite 107","301"
"pregnancy","Planned Parenthood of South Carolina, Inc.","2712 Middleburg Dr, Suite 107","302"
"hormonal","Planned Parenthood of South Carolina, Inc.","2712 Middleburg Dr, Suite 107","303"
"sponge","Planned Parenthood of South Carolina, Inc.","2712 Middleburg Dr, Suite 107","304"
"diaphragm","Planned Parenthood of South Carolina, Inc.","2712 Middleburg Dr, Suite 107","305"
"ec","Planned Parenthood of South Carolina, Inc.","2712 Middleburg Dr, Suite 107","306"
"idu","Planned Parenthood of South Carolina, Inc.","2712 Middleburg Dr, Suite 107","307"
"iud","Planned Parenthood of South Carolina, Inc.","2712 Middleburg Dr, Suite 107","308"
"visiting a clinic","Planned Parenthood of South Carolina, Inc.","2712 Middleburg Dr, Suite 107","2806"
"STDs","Planned Parenthood of South Carolina, Inc.","2712 Middleburg Dr, Suite 107","2807"
"abortion","Planned Parenthood of South Carolina, Inc.","2712 Middleburg Dr, Suite 107","4052"
"pregnancy test","Planned Parenthood of South Carolina, Inc.","2712 Middleburg Dr, Suite 107","4053"
"chlamydia","Point Teen Clinic","3574 Maybank Hwy","309"
"hpv","Point Teen Clinic","3574 Maybank Hwy","310"
"gonorrhea","Point Teen Clinic","3574 Maybank Hwy","311"
"herpes","Point Teen Clinic","3574 Maybank Hwy","312"
"syphilis","Point Teen Clinic","3574 Maybank Hwy","313"
"trichomoniasis","Point Teen Clinic","3574 Maybank Hwy","314"
"hiv","Point Teen Clinic","3574 Maybank Hwy","315"
"pills","Point Teen Clinic","3574 Maybank Hwy","316"
"birth control","Point Teen Clinic","3574 Maybank Hwy","317"
"coc","Point Teen Clinic","3574 Maybank Hwy","318"
"pop","Point Teen Clinic","3574 Maybank Hwy","319"
"patch","Point Teen Clinic","3574 Maybank Hwy","320"
"ring","Point Teen Clinic","3574 Maybank Hwy","321"
"implant","Point Teen Clinic","3574 Maybank Hwy","322"
"cervical cap","Point Teen Clinic","3574 Maybank Hwy","323"
"condom","Point Teen Clinic","3574 Maybank Hwy","324"
"male condom","Point Teen Clinic","3574 Maybank Hwy","325"
"female condom","Point Teen Clinic","3574 Maybank Hwy","326"
"film","Point Teen Clinic","3574 Maybank Hwy","327"
"foam","Point Teen Clinic","3574 Maybank Hwy","328"
"pregnancy","Point Teen Clinic","3574 Maybank Hwy","329"
"hormonal","Point Teen Clinic","3574 Maybank Hwy","330"
"sponge","Point Teen Clinic","3574 Maybank Hwy","331"
"diaphragm","Point Teen Clinic","3574 Maybank Hwy","332"
"ec","Point Teen Clinic","3574 Maybank Hwy","333"
"idu","Point Teen Clinic","3574 Maybank Hwy","334"
"iud","Point Teen Clinic","3574 Maybank Hwy","335"
"chlamydia","Project Hope Teen Health Center","4419 Fair Street","336"
"hpv","Project Hope Teen Health Center","4419 Fair Street","337"
"gonorrhea","Project Hope Teen Health Center","4419 Fair Street","338"
"herpes","Project Hope Teen Health Center","4419 Fair Street","339"
"syphilis","Project Hope Teen Health Center","4419 Fair Street","340"
"trichomoniasis","Project Hope Teen Health Center","4419 Fair Street","341"
"hiv","Project Hope Teen Health Center","4419 Fair Street","342"
"pills","Project Hope Teen Health Center","4419 Fair Street","343"
"birth control","Project Hope Teen Health Center","4419 Fair Street","344"
"coc","Project Hope Teen Health Center","4419 Fair Street","345"
"pop","Project Hope Teen Health Center","4419 Fair Street","346"
"patch","Project Hope Teen Health Center","4419 Fair Street","347"
"ring","Project Hope Teen Health Center","4419 Fair Street","348"
"implant","Project Hope Teen Health Center","4419 Fair Street","349"
"cervical cap","Project Hope Teen Health Center","4419 Fair Street","350"
"condom","Project Hope Teen Health Center","4419 Fair Street","351"
"male condom","Project Hope Teen Health Center","4419 Fair Street","352"
"female condom","Project Hope Teen Health Center","4419 Fair Street","353"
"film","Project Hope Teen Health Center","4419 Fair Street","354"
"foam","Project Hope Teen Health Center","4419 Fair Street","355"
"pregnancy","Project Hope Teen Health Center","4419 Fair Street","356"
"hormonal","Project Hope Teen Health Center","4419 Fair Street","357"
"sponge","Project Hope Teen Health Center","4419 Fair Street","358"
"diaphragm","Project Hope Teen Health Center","4419 Fair Street","359"
"ec","Project Hope Teen Health Center","4419 Fair Street","360"
"idu","Project Hope Teen Health Center","4419 Fair Street","361"
"iud","Project Hope Teen Health Center","4419 Fair Street","362"
"visiting a clinic","Project Hope Teen Health Center","4419 Fair Street","2808"
"STDs","Project Hope Teen Health Center","4419 Fair Street","2809"
"chlamydia","ReGenesis Community Health Center","750 South Church Street","363"
"hpv","ReGenesis Community Health Center","750 South Church Street","364"
"gonorrhea","ReGenesis Community Health Center","750 South Church Street","365"
"herpes","ReGenesis Community Health Center","750 South Church Street","366"
"syphilis","ReGenesis Community Health Center","750 South Church Street","367"
"trichomoniasis","ReGenesis Community Health Center","750 South Church Street","368"
"hiv","ReGenesis Community Health Center","750 South Church Street","369"
"pills","ReGenesis Community Health Center","750 South Church Street","370"
"birth control","ReGenesis Community Health Center","750 South Church Street","371"
"coc","ReGenesis Community Health Center","750 South Church Street","372"
"pop","ReGenesis Community Health Center","750 South Church Street","373"
"patch","ReGenesis Community Health Center","750 South Church Street","374"
"ring","ReGenesis Community Health Center","750 South Church Street","375"
"implant","ReGenesis Community Health Center","750 South Church Street","376"
"cervical cap","ReGenesis Community Health Center","750 South Church Street","377"
"condom","ReGenesis Community Health Center","750 South Church Street","378"
"female condom","ReGenesis Community Health Center","750 South Church Street","379"
"pregnancy","ReGenesis Community Health Center","750 South Church Street","380"
"visiting a clinic","ReGenesis Community Health Center","750 South Church Street","2854"
"std","ReGenesis Community Health Center","750 South Church Street","2855"
"sex","ReGenesis Community Health Center","750 South Church Street","2856"
"STDs","ReGenesis Community Health Center","750 South Church Street","2857"
"chlamydia","Tobias","154 George Washington Carver Dr","381"
"hpv","Tobias","154 George Washington Carver Dr","382"
"gonorrhea","Tobias","154 George Washington Carver Dr","383"
"herpes","Tobias","154 George Washington Carver Dr","384"
"syphilis","Tobias","154 George Washington Carver Dr","385"
"trichomoniasis","Tobias","154 George Washington Carver Dr","386"
"hiv","Tobias","154 George Washington Carver Dr","387"
"pills","Tobias","154 George Washington Carver Dr","388"
"birth control","Tobias","154 George Washington Carver Dr","389"
"coc","Tobias","154 George Washington Carver Dr","390"
"pop","Tobias","154 George Washington Carver Dr","391"
"patch","Tobias","154 George Washington Carver Dr","392"
"ring","Tobias","154 George Washington Carver Dr","393"
"implant","Tobias","154 George Washington Carver Dr","394"
"cervical cap","Tobias","154 George Washington Carver Dr","395"
"condom","Tobias","154 George Washington Carver Dr","396"
"male condom","Tobias","154 George Washington Carver Dr","397"
"female condom","Tobias","154 George Washington Carver Dr","398"
"film","Tobias","154 George Washington Carver Dr","399"
"foam","Tobias","154 George Washington Carver Dr","400"
"pregnancy","Tobias","154 George Washington Carver Dr","401"
"hormonal","Tobias","154 George Washington Carver Dr","402"
"sponge","Tobias","154 George Washington Carver Dr","403"
"diaphragm","Tobias","154 George Washington Carver Dr","404"
"ec","Tobias","154 George Washington Carver Dr","405"
"idu","Tobias","154 George Washington Carver Dr","406"
"iud","Tobias","154 George Washington Carver Dr","407"
"visiting a clinic","Tobias","154 George Washington Carver Dr","2851"
"std","Tobias","154 George Washington Carver Dr","2852"
"STDs","Tobias","154 George Washington Carver Dr","2853"
"chlamydia","Youth Voices of Lower Richland","2430 Atlas Road","408"
"hpv","Youth Voices of Lower Richland","2430 Atlas Road","409"
"gonorrhea","Youth Voices of Lower Richland","2430 Atlas Road","410"
"herpes","Youth Voices of Lower Richland","2430 Atlas Road","411"
"syphilis","Youth Voices of Lower Richland","2430 Atlas Road","412"
"trichomoniasis","Youth Voices of Lower Richland","2430 Atlas Road","413"
"hiv","Youth Voices of Lower Richland","2430 Atlas Road","414"
"pills","Youth Voices of Lower Richland","2430 Atlas Road","415"
"birth control","Youth Voices of Lower Richland","2430 Atlas Road","416"
"coc","Youth Voices of Lower Richland","2430 Atlas Road","417"
"pop","Youth Voices of Lower Richland","2430 Atlas Road","418"
"patch","Youth Voices of Lower Richland","2430 Atlas Road","419"
"ring","Youth Voices of Lower Richland","2430 Atlas Road","420"
"implant","Youth Voices of Lower Richland","2430 Atlas Road","421"
"cervical cap","Youth Voices of Lower Richland","2430 Atlas Road","422"
"condom","Youth Voices of Lower Richland","2430 Atlas Road","423"
"male condom","Youth Voices of Lower Richland","2430 Atlas Road","424"
"female condom","Youth Voices of Lower Richland","2430 Atlas Road","425"
"film","Youth Voices of Lower Richland","2430 Atlas Road","426"
"foam","Youth Voices of Lower Richland","2430 Atlas Road","427"
"pregnancy","Youth Voices of Lower Richland","2430 Atlas Road","428"
"hormonal","Youth Voices of Lower Richland","2430 Atlas Road","429"
"sponge","Youth Voices of Lower Richland","2430 Atlas Road","430"
"diaphragm","Youth Voices of Lower Richland","2430 Atlas Road","431"
"ec","Youth Voices of Lower Richland","2430 Atlas Road","432"
"idu","Youth Voices of Lower Richland","2430 Atlas Road","433"
"iud","Youth Voices of Lower Richland","2430 Atlas Road","434"
"visiting a clinic","Youth Voices of Lower Richland","2430 Atlas Road","2810"
"std","Youth Voices of Lower Richland","2430 Atlas Road","2811"
"STDs","Youth Voices of Lower Richland","2430 Atlas Road","2812"
"chlamydia","San Mateo County Health Department","225 37th Avenue","3066"
"hpv","San Mateo County Health Department","225 37th Avenue","3067"
"gonorrhea","San Mateo County Health Department","225 37th Avenue","3068"
"herpes","San Mateo County Health Department","225 37th Avenue","3069"
"syphilis","San Mateo County Health Department","225 37th Avenue","3070"
"trichomoniasis","San Mateo County Health Department","225 37th Avenue","3071"
"hiv","San Mateo County Health Department","225 37th Avenue","3072"
"pills","San Mateo County Health Department","225 37th Avenue","3073"
"birth control","San Mateo County Health Department","225 37th Avenue","3074"
"coc","San Mateo County Health Department","225 37th Avenue","3075"
"chlamydia","Planned Parenthood of Greater Cleveland","11811 Shaker Blvd Suite 210","2360"
"hpv","Planned Parenthood of Greater Cleveland","11811 Shaker Blvd Suite 210","2361"
"gonorrhea","Planned Parenthood of Greater Cleveland","11811 Shaker Blvd Suite 210","2362"
"herpes","Planned Parenthood of Greater Cleveland","11811 Shaker Blvd Suite 210","2363"
"syphilis","Planned Parenthood of Greater Cleveland","11811 Shaker Blvd Suite 210","2364"
"trichomoniasis","Planned Parenthood of Greater Cleveland","11811 Shaker Blvd Suite 210","2365"
"hiv","Planned Parenthood of Greater Cleveland","11811 Shaker Blvd Suite 210","2366"
"pills","Planned Parenthood of Greater Cleveland","11811 Shaker Blvd Suite 210","2367"
"birth control","Planned Parenthood of Greater Cleveland","11811 Shaker Blvd Suite 210","2368"
"coc","Planned Parenthood of Greater Cleveland","11811 Shaker Blvd Suite 210","2369"
"pop","Planned Parenthood of Greater Cleveland","11811 Shaker Blvd Suite 210","2370"
"patch","Planned Parenthood of Greater Cleveland","11811 Shaker Blvd Suite 210","2371"
"ring","Planned Parenthood of Greater Cleveland","11811 Shaker Blvd Suite 210","2372"
"implant","Planned Parenthood of Greater Cleveland","11811 Shaker Blvd Suite 210","2373"
"cervical cap","Planned Parenthood of Greater Cleveland","11811 Shaker Blvd Suite 210","2374"
"condom","Planned Parenthood of Greater Cleveland","11811 Shaker Blvd Suite 210","2375"
"male condom","Planned Parenthood of Greater Cleveland","11811 Shaker Blvd Suite 210","2376"
"female condom","Planned Parenthood of Greater Cleveland","11811 Shaker Blvd Suite 210","2377"
"foam","Planned Parenthood of Greater Cleveland","11811 Shaker Blvd Suite 210","2378"
"pregnancy","Planned Parenthood of Greater Cleveland","11811 Shaker Blvd Suite 210","2379"
"hormonal","Planned Parenthood of Greater Cleveland","11811 Shaker Blvd Suite 210","2380"
"sponge","Planned Parenthood of Greater Cleveland","11811 Shaker Blvd Suite 210","2381"
"diaphragm","Planned Parenthood of Greater Cleveland","11811 Shaker Blvd Suite 210","2382"
"ec","Planned Parenthood of Greater Cleveland","11811 Shaker Blvd Suite 210","2383"
"iud","Planned Parenthood of Greater Cleveland","11811 Shaker Blvd Suite 210","2384"
"sexual assault","Planned Parenthood of Greater Cleveland","11811 Shaker Blvd Suite 210","2388"
"relationships","Planned Parenthood of Greater Cleveland","11811 Shaker Blvd Suite 210","2390"
"std","Planned Parenthood of Greater Cleveland","11811 Shaker Blvd Suite 210","2391"
"STDs","Planned Parenthood of Greater Cleveland","11811 Shaker Blvd Suite 210","2393"
"visiting a clinic","Planned Parenthood of Greater Cleveland","11811 Shaker Blvd Suite 210","2994"
"pregnancy test","Planned Parenthood of Greater Cleveland","11811 Shaker Blvd Suite 210","2995"
"chlamydia","Planned Parenthood of Greater Cleveland","1835 Forest Hills Blvd","2394"
"hpv","Planned Parenthood of Greater Cleveland","1835 Forest Hills Blvd","2395"
"gonorrhea","Planned Parenthood of Greater Cleveland","1835 Forest Hills Blvd","2396"
"herpes","Planned Parenthood of Greater Cleveland","1835 Forest Hills Blvd","2397"
"syphilis","Planned Parenthood of Greater Cleveland","1835 Forest Hills Blvd","2398"
"trichomoniasis","Planned Parenthood of Greater Cleveland","1835 Forest Hills Blvd","2399"
"hiv","Planned Parenthood of Greater Cleveland","1835 Forest Hills Blvd","2400"
"pills","Planned Parenthood of Greater Cleveland","1835 Forest Hills Blvd","2401"
"birth control","Planned Parenthood of Greater Cleveland","1835 Forest Hills Blvd","2402"
"coc","Planned Parenthood of Greater Cleveland","1835 Forest Hills Blvd","2403"
"pop","Planned Parenthood of Greater Cleveland","1835 Forest Hills Blvd","2404"
"patch","Planned Parenthood of Greater Cleveland","1835 Forest Hills Blvd","2405"
"ring","Planned Parenthood of Greater Cleveland","1835 Forest Hills Blvd","2406"
"implant","Planned Parenthood of Greater Cleveland","1835 Forest Hills Blvd","2407"
"cervical cap","Planned Parenthood of Greater Cleveland","1835 Forest Hills Blvd","2408"
"condom","Planned Parenthood of Greater Cleveland","1835 Forest Hills Blvd","2409"
"male condom","Planned Parenthood of Greater Cleveland","1835 Forest Hills Blvd","2410"
"female condom","Planned Parenthood of Greater Cleveland","1835 Forest Hills Blvd","2411"
"film","Planned Parenthood of Greater Cleveland","1835 Forest Hills Blvd","2412"
"pregnancy","Planned Parenthood of Greater Cleveland","1835 Forest Hills Blvd","2413"
"hormonal","Planned Parenthood of Greater Cleveland","1835 Forest Hills Blvd","2414"
"rape","Planned Parenthood of Greater Cleveland","1835 Forest Hills Blvd","2415"
"sponge","Planned Parenthood of Greater Cleveland","1835 Forest Hills Blvd","2416"
"diaphragm","Planned Parenthood of Greater Cleveland","1835 Forest Hills Blvd","2417"
"ec","Planned Parenthood of Greater Cleveland","1835 Forest Hills Blvd","2418"
"iud","Planned Parenthood of Greater Cleveland","1835 Forest Hills Blvd","2419"
"sexual assault","Planned Parenthood of Greater Cleveland","1835 Forest Hills Blvd","2423"
"visiting a clinic","Planned Parenthood of Greater Cleveland","1835 Forest Hills Blvd","2425"
"std","Planned Parenthood of Greater Cleveland","1835 Forest Hills Blvd","2427"
"STDs","Planned Parenthood of Greater Cleveland","1835 Forest Hills Blvd","2429"
"pregnancy test","Planned Parenthood of Greater Cleveland","1835 Forest Hills Blvd","3051"
"rape","Greenville Rape Crisis Center & Child Abuse Center","2905 White Horse Road","2759"
"ec","Greenville Rape Crisis Center & Child Abuse Center","2905 White Horse Road","2760"
"sexual assault","Greenville Rape Crisis Center & Child Abuse Center","2905 White Horse Road","2761"
"relationships","Greenville Rape Crisis Center & Child Abuse Center","2905 White Horse Road","2762"
"sex","Greenville Rape Crisis Center & Child Abuse Center","2905 White Horse Road","2763"
"hiv","AIDS Upstate","811 Pendleton St Build #10","2765"
"male condom","AIDS Upstate","811 Pendleton St Build #10","2766"
"gay","AIDS Upstate","811 Pendleton St Build #10","2767"
"lesbian","AIDS Upstate","811 Pendleton St Build #10","2768"
"transgender","AIDS Upstate","811 Pendleton St Build #10","2769"
"sexual identity","AIDS Upstate","811 Pendleton St Build #10","3019"
"syphilis","AIDS Upstate","811 Pendleton St Build #10","4346"
"condom","AIDS Upstate","811 Pendleton St Build #10","4347"
"female condom","AIDS Upstate","811 Pendleton St Build #10","4348"
"visiting a clinic","AIDS Upstate","811 Pendleton St Build #10","4349"
"list","AIDS Upstate","811 Pendleton St Build #10","4350"
"condoms","AIDS Upstate","811 Pendleton St Build #10","4351"
"screening","AIDS Upstate","811 Pendleton St Build #10","4352"
"HIV Testing","AIDS Upstate","811 Pendleton St Build #10","4353"
"chlamydia","The Point Teen Clinic-Northwoods","2070 Northbrook Blvd., Suite A-20 ","2771"
"hpv","The Point Teen Clinic-Northwoods","2070 Northbrook Blvd., Suite A-20 ","2772"
"gonorrhea","The Point Teen Clinic-Northwoods","2070 Northbrook Blvd., Suite A-20 ","2773"
"herpes","The Point Teen Clinic-Northwoods","2070 Northbrook Blvd., Suite A-20 ","2774"
"syphilis","The Point Teen Clinic-Northwoods","2070 Northbrook Blvd., Suite A-20 ","2775"
"trichomoniasis","The Point Teen Clinic-Northwoods","2070 Northbrook Blvd., Suite A-20 ","2776"
"hiv","The Point Teen Clinic-Northwoods","2070 Northbrook Blvd., Suite A-20 ","2777"
"pills","The Point Teen Clinic-Northwoods","2070 Northbrook Blvd., Suite A-20 ","2778"
"birth control","The Point Teen Clinic-Northwoods","2070 Northbrook Blvd., Suite A-20 ","2779"
"coc","The Point Teen Clinic-Northwoods","2070 Northbrook Blvd., Suite A-20 ","2780"
"pop","The Point Teen Clinic-Northwoods","2070 Northbrook Blvd., Suite A-20 ","2781"
"patch","The Point Teen Clinic-Northwoods","2070 Northbrook Blvd., Suite A-20 ","2782"
"ring","The Point Teen Clinic-Northwoods","2070 Northbrook Blvd., Suite A-20 ","2783"
"implant","The Point Teen Clinic-Northwoods","2070 Northbrook Blvd., Suite A-20 ","2784"
"cervical cap","The Point Teen Clinic-Northwoods","2070 Northbrook Blvd., Suite A-20 ","2785"
"condom","The Point Teen Clinic-Northwoods","2070 Northbrook Blvd., Suite A-20 ","2786"
"male condom","The Point Teen Clinic-Northwoods","2070 Northbrook Blvd., Suite A-20 ","2787"
"female condom","The Point Teen Clinic-Northwoods","2070 Northbrook Blvd., Suite A-20 ","2788"
"film","The Point Teen Clinic-Northwoods","2070 Northbrook Blvd., Suite A-20 ","2789"
"pregnancy","The Point Teen Clinic-Northwoods","2070 Northbrook Blvd., Suite A-20 ","2790"
"hormonal","The Point Teen Clinic-Northwoods","2070 Northbrook Blvd., Suite A-20 ","2791"
"ec","The Point Teen Clinic-Northwoods","2070 Northbrook Blvd., Suite A-20 ","2792"
"iud","The Point Teen Clinic-Northwoods","2070 Northbrook Blvd., Suite A-20 ","2793"
"visiting a clinic","The Point Teen Clinic-Northwoods","2070 Northbrook Blvd., Suite A-20 ","2794"
"sex","The Point Teen Clinic-Northwoods","2070 Northbrook Blvd., Suite A-20 ","2795"
"STDs","The Point Teen Clinic-Northwoods","2070 Northbrook Blvd., Suite A-20 ","2796"
"pregnancy","People Against Rape","2154 North Center Street Ste C-302 ","2803"
"rape","People Against Rape","2154 North Center Street Ste C-302 ","2804"
"sexual assault","People Against Rape","2154 North Center Street Ste C-302 ","2805"
"male condom","USC - Sexual Health & Violence Prevention","1409 Devine St.  ","2813"
"female condom","USC - Sexual Health & Violence Prevention","1409 Devine St.  ","2814"
"rape","USC - Sexual Health & Violence Prevention","1409 Devine St.  ","2815"
"sexual assault","USC - Sexual Health & Violence Prevention","1409 Devine St.  ","2816"
"pregnancy","Sexual Trauma Services of the Midlands","3700 Forest Drive, Suite 350","2817"
"rape","Sexual Trauma Services of the Midlands","3700 Forest Drive, Suite 350","2818"
"ec","Sexual Trauma Services of the Midlands","3700 Forest Drive, Suite 350","2819"
"sexual assault","Sexual Trauma Services of the Midlands","3700 Forest Drive, Suite 350","2820"
"visiting a clinic","Sexual Trauma Services of the Midlands","3700 Forest Drive, Suite 350","2821"
"relationships","Sexual Trauma Services of the Midlands","3700 Forest Drive, Suite 350","2822"
"chlamydia","Palmetto AIDS Life Support Services","2638 Two Notch Road Suite 108","2823"
"hpv","Palmetto AIDS Life Support Services","2638 Two Notch Road Suite 108","2824"
"gonorrhea","Palmetto AIDS Life Support Services","2638 Two Notch Road Suite 108","2825"
"herpes","Palmetto AIDS Life Support Services","2638 Two Notch Road Suite 108","2826"
"syphilis","Palmetto AIDS Life Support Services","2638 Two Notch Road Suite 108","2827"
"trichomoniasis","Palmetto AIDS Life Support Services","2638 Two Notch Road Suite 108","2828"
"hiv","Palmetto AIDS Life Support Services","2638 Two Notch Road Suite 108","2829"
"male condom","Palmetto AIDS Life Support Services","2638 Two Notch Road Suite 108","2830"
"female condom","Palmetto AIDS Life Support Services","2638 Two Notch Road Suite 108","2831"
"gay","Palmetto AIDS Life Support Services","2638 Two Notch Road Suite 108","2832"
"lesbian","Palmetto AIDS Life Support Services","2638 Two Notch Road Suite 108","2833"
"transgender","Palmetto AIDS Life Support Services","2638 Two Notch Road Suite 108","2834"
"sexual identity","Palmetto AIDS Life Support Services","2638 Two Notch Road Suite 108","2835"
"relationships","Palmetto AIDS Life Support Services","2638 Two Notch Road Suite 108","2836"
"std","Palmetto AIDS Life Support Services","2638 Two Notch Road Suite 108","2837"
"STDs","Palmetto AIDS Life Support Services","2638 Two Notch Road Suite 108","2838"
"chlamydia","DHEC - STD/HIV Bureau of Disease Control","1751 Calhoun Street","2839"
"hpv","DHEC - STD/HIV Bureau of Disease Control","1751 Calhoun Street","2840"
"gonorrhea","DHEC - STD/HIV Bureau of Disease Control","1751 Calhoun Street","2841"
"herpes","DHEC - STD/HIV Bureau of Disease Control","1751 Calhoun Street","2842"
"syphilis","DHEC - STD/HIV Bureau of Disease Control","1751 Calhoun Street","2843"
"trichomoniasis","DHEC - STD/HIV Bureau of Disease Control","1751 Calhoun Street","2844"
"hiv","DHEC - STD/HIV Bureau of Disease Control","1751 Calhoun Street","2845"
"condom","DHEC - STD/HIV Bureau of Disease Control","1751 Calhoun Street","2846"
"male condom","DHEC - STD/HIV Bureau of Disease Control","1751 Calhoun Street","2847"
"female condom","DHEC - STD/HIV Bureau of Disease Control","1751 Calhoun Street","2848"
"std","DHEC - STD/HIV Bureau of Disease Control","1751 Calhoun Street","2849"
"STDs","DHEC - STD/HIV Bureau of Disease Control","1751 Calhoun Street","2850"
"rape","SAFE Homes - Rape Crisis Coaliton","236 Union Street","2858"
"sexual assault","SAFE Homes - Rape Crisis Coaliton","236 Union Street","2859"
"relationships","SAFE Homes - Rape Crisis Coaliton","236 Union Street","2860"
"sex","SAFE Homes - Rape Crisis Coaliton","236 Union Street","2861"
"hiv","Piedmont Care, Inc.","101 North Pine Street, Suite 200","2862"
"condom","Piedmont Care, Inc.","101 North Pine Street, Suite 200","2863"
"male condom","Piedmont Care, Inc.","101 North Pine Street, Suite 200","2864"
"female condom","Piedmont Care, Inc.","101 North Pine Street, Suite 200","2865"
"chlamydia","The Free Clinic of Greater Cleveland","12201 Euclid Avenue","2870"
"hpv","The Free Clinic of Greater Cleveland","12201 Euclid Avenue","2871"
"gonorrhea","The Free Clinic of Greater Cleveland","12201 Euclid Avenue","2872"
"herpes","The Free Clinic of Greater Cleveland","12201 Euclid Avenue","2873"
"syphilis","The Free Clinic of Greater Cleveland","12201 Euclid Avenue","2874"
"trichomoniasis","The Free Clinic of Greater Cleveland","12201 Euclid Avenue","2875"
"hiv","The Free Clinic of Greater Cleveland","12201 Euclid Avenue","2876"
"pills","The Free Clinic of Greater Cleveland","12201 Euclid Avenue","2877"
"birth control","The Free Clinic of Greater Cleveland","12201 Euclid Avenue","2878"
"coc","The Free Clinic of Greater Cleveland","12201 Euclid Avenue","2879"
"pop","The Free Clinic of Greater Cleveland","12201 Euclid Avenue","2880"
"patch","The Free Clinic of Greater Cleveland","12201 Euclid Avenue","2881"
"ring","The Free Clinic of Greater Cleveland","12201 Euclid Avenue","2882"
"implant","The Free Clinic of Greater Cleveland","12201 Euclid Avenue","2883"
"condom","The Free Clinic of Greater Cleveland","12201 Euclid Avenue","2884"
"std","The Free Clinic of Greater Cleveland","12201 Euclid Avenue","2885"
"STDs","The Free Clinic of Greater Cleveland","12201 Euclid Avenue","2886"
"male condom","The Free Clinic of Greater Cleveland","12201 Euclid Avenue","3294"
"female condom","The Free Clinic of Greater Cleveland","12201 Euclid Avenue","3295"
"pregnancy","The Free Clinic of Greater Cleveland","12201 Euclid Avenue","3296"
"hormonal","The Free Clinic of Greater Cleveland","12201 Euclid Avenue","3297"
"ec","The Free Clinic of Greater Cleveland","12201 Euclid Avenue","3298"
"iud","The Free Clinic of Greater Cleveland","12201 Euclid Avenue","3299"
"pregnancy test","The Free Clinic of Greater Cleveland","12201 Euclid Avenue","3300"
"chlamydia","Metro Health Buckeye","2816 E. 116th Street","2936"
"hpv","Metro Health Buckeye","2816 E. 116th Street","2937"
"gonorrhea","Metro Health Buckeye","2816 E. 116th Street","2938"
"herpes","Metro Health Buckeye","2816 E. 116th Street","2939"
"syphilis","Metro Health Buckeye","2816 E. 116th Street","2940"
"trichomoniasis","Metro Health Buckeye","2816 E. 116th Street","2941"
"hiv","Metro Health Buckeye","2816 E. 116th Street","2942"
"pills","Metro Health Buckeye","2816 E. 116th Street","2943"
"coc","Metro Health Buckeye","2816 E. 116th Street","2944"
"pop","Metro Health Buckeye","2816 E. 116th Street","2945"
"patch","Metro Health Buckeye","2816 E. 116th Street","2946"
"ring","Metro Health Buckeye","2816 E. 116th Street","2947"
"implant","Metro Health Buckeye","2816 E. 116th Street","2948"
"cervical cap","Metro Health Buckeye","2816 E. 116th Street","2949"
"condom","Metro Health Buckeye","2816 E. 116th Street","2950"
"male condom","Metro Health Buckeye","2816 E. 116th Street","2951"
"female condom","Metro Health Buckeye","2816 E. 116th Street","2952"
"pregnancy","Metro Health Buckeye","2816 E. 116th Street","2953"
"hormonal","Metro Health Buckeye","2816 E. 116th Street","2954"
"diaphragm","Metro Health Buckeye","2816 E. 116th Street","2955"
"ec","Metro Health Buckeye","2816 E. 116th Street","2956"
"iud","Metro Health Buckeye","2816 E. 116th Street","2957"
"visiting a clinic","Metro Health Buckeye","2816 E. 116th Street","2958"
"std","Metro Health Buckeye","2816 E. 116th Street","2959"
"sex","Metro Health Buckeye","2816 E. 116th Street","2960"
"STDs","Metro Health Buckeye","2816 E. 116th Street","2961"
"chlamydia","NEON - Southwest Health Center","13301 Miles Ave.","2962"
"hpv","NEON - Southwest Health Center","13301 Miles Ave.","2963"
"gonorrhea","NEON - Southwest Health Center","13301 Miles Ave.","2964"
"herpes","NEON - Southwest Health Center","13301 Miles Ave.","2965"
"syphilis","NEON - Southwest Health Center","13301 Miles Ave.","2966"
"trichomoniasis","NEON - Southwest Health Center","13301 Miles Ave.","2967"
"hiv","NEON - Southwest Health Center","13301 Miles Ave.","2968"
"pills","NEON - Southwest Health Center","13301 Miles Ave.","2969"
"birth control","NEON - Southwest Health Center","13301 Miles Ave.","2970"
"coc","NEON - Southwest Health Center","13301 Miles Ave.","2971"
"pop","NEON - Southwest Health Center","13301 Miles Ave.","2972"
"patch","NEON - Southwest Health Center","13301 Miles Ave.","2973"
"ring","NEON - Southwest Health Center","13301 Miles Ave.","2974"
"implant","NEON - Southwest Health Center","13301 Miles Ave.","2975"
"cervical cap","NEON - Southwest Health Center","13301 Miles Ave.","2976"
"condom","NEON - Southwest Health Center","13301 Miles Ave.","2977"
"male condom","NEON - Southwest Health Center","13301 Miles Ave.","2978"
"female condom","NEON - Southwest Health Center","13301 Miles Ave.","2979"
"pregnancy","NEON - Southwest Health Center","13301 Miles Ave.","2980"
"hormonal","NEON - Southwest Health Center","13301 Miles Ave.","2981"
"diaphragm","NEON - Southwest Health Center","13301 Miles Ave.","2982"
"ec","NEON - Southwest Health Center","13301 Miles Ave.","2983"
"iud","NEON - Southwest Health Center","13301 Miles Ave.","2984"
"visiting a clinic","NEON - Southwest Health Center","13301 Miles Ave.","2985"
"std","NEON - Southwest Health Center","13301 Miles Ave.","2986"
"STDs","NEON - Southwest Health Center","13301 Miles Ave.","2987"
"condom","CVS Pharmacy","10825 Kinsman Rd.","2988"
"female condom","CVS Pharmacy","10825 Kinsman Rd.","2989"
"film","CVS Pharmacy","10825 Kinsman Rd.","2990"
"foam","CVS Pharmacy","10825 Kinsman Rd.","2991"
"ec","CVS Pharmacy","10825 Kinsman Rd.","2992"
"pregnancy test","CVS Pharmacy","10825 Kinsman Rd.","2993"
"male condom","CVS Pharmacy","10825 Kinsman Rd.","3020"
"condom","Walgreens Pharmacy","16400 Chagrin Blvd","2996"
"male condom","Walgreens Pharmacy","16400 Chagrin Blvd","2997"
"female condom","Walgreens Pharmacy","16400 Chagrin Blvd","2998"
"film","Walgreens Pharmacy","16400 Chagrin Blvd","2999"
"foam","Walgreens Pharmacy","16400 Chagrin Blvd","3000"
"sponge","Walgreens Pharmacy","16400 Chagrin Blvd","3001"
"pregnancy test","Walgreens Pharmacy","16400 Chagrin Blvd","3002"
"condom","Walgreens Pharmacy","11401 Union Ave","3003"
"male condom","Walgreens Pharmacy","11401 Union Ave","3004"
"female condom","Walgreens Pharmacy","11401 Union Ave","3005"
"film","Walgreens Pharmacy","11401 Union Ave","3006"
"foam","Walgreens Pharmacy","11401 Union Ave","3007"
"sponge","Walgreens Pharmacy","11401 Union Ave","3008"
"ec","Walgreens Pharmacy","11401 Union Ave","3009"
"pregnancy test","Walgreens Pharmacy","11401 Union Ave","3010"
"condom","Mr. V's Convenience Store","15310 Kinsman Ave","3011"
"male condom","Mr. V's Convenience Store","15310 Kinsman Ave","3012"
"condom","One Stop Market","3744 East 144th Street","3013"
"male condom","One Stop Market","3744 East 144th Street","3014"
"condom","Strictly Dollar","10919 Kinsman Ave","3015"
"male condom","Strictly Dollar","10919 Kinsman Ave","3016"
"condom","Two Cousins Beauty Supplies","13924 Union Ave","3017"
"male condom","Two Cousins Beauty Supplies","13924 Union Ave","3018"
"chlamydia","Planned Parenthood of Central NJ","450 Market Street","3022"
"hpv","Planned Parenthood of Central NJ","450 Market Street","3023"
"gonorrhea","Planned Parenthood of Central NJ","450 Market Street","3024"
"herpes","Planned Parenthood of Central NJ","450 Market Street","3025"
"syphilis","Planned Parenthood of Central NJ","450 Market Street","3026"
"trichomoniasis","Planned Parenthood of Central NJ","450 Market Street","3027"
"hiv","Planned Parenthood of Central NJ","450 Market Street","3028"
"pills","Planned Parenthood of Central NJ","450 Market Street","3029"
"birth control","Planned Parenthood of Central NJ","450 Market Street","3030"
"coc","Planned Parenthood of Central NJ","450 Market Street","3031"
"pop","Planned Parenthood of Central NJ","450 Market Street","3032"
"patch","Planned Parenthood of Central NJ","450 Market Street","3033"
"ring","Planned Parenthood of Central NJ","450 Market Street","3034"
"implant","Planned Parenthood of Central NJ","450 Market Street","3035"
"cervical cap","Planned Parenthood of Central NJ","450 Market Street","3036"
"condom","Planned Parenthood of Central NJ","450 Market Street","3037"
"male condom","Planned Parenthood of Central NJ","450 Market Street","3038"
"female condom","Planned Parenthood of Central NJ","450 Market Street","3039"
"pregnancy","Planned Parenthood of Central NJ","450 Market Street","3040"
"hormonal","Planned Parenthood of Central NJ","450 Market Street","3041"
"diaphragm","Planned Parenthood of Central NJ","450 Market Street","3042"
"ec","Planned Parenthood of Central NJ","450 Market Street","3043"
"iud","Planned Parenthood of Central NJ","450 Market Street","3044"
"visiting a clinic","Planned Parenthood of Central NJ","450 Market Street","3045"
"std","Planned Parenthood of Central NJ","450 Market Street","3046"
"STDs","Planned Parenthood of Central NJ","450 Market Street","3047"
"abortion","Planned Parenthood of Central NJ","450 Market Street","3048"
"pregnancy test","Planned Parenthood of Central NJ","450 Market Street","3049"
"gay"," LGBT Community Service Center of Greater Cleveland ","6600 Detroit Avenue","3313"
"lesbian"," LGBT Community Service Center of Greater Cleveland ","6600 Detroit Avenue","3314"
"transgender"," LGBT Community Service Center of Greater Cleveland ","6600 Detroit Avenue","3315"
"sexual identity"," LGBT Community Service Center of Greater Cleveland ","6600 Detroit Avenue","3316"
"prenatal","Lutheran Social Service of New Jersey","6 Terri Lane, Suite 300","3325"
"adoption","Children’s Home Society of New Jersey","635 South Clinton Avenue ","3317"
"adoption","Children’s Home Society of New Jersey","1433 Hooper Boulevard, Suite 340","3318"
"adoption","Jewish Family Service of Monmouth County ","705 Summerfield Avenue","3319"
"prenatal","Eric B. Chandler Health Center ","277 George Street ","3324"
"prenatal","JFK Family Medical Center ","65 James Street","3323"
"sexual assault","DV Hotline","600 Jane Doe","3326"
"sexual assault","Rape Crisis","600 Jane Doe","3327"
"condom","Puerto Rican Association for Human Development, Inc.","98 First Street. 2nd Floor","3328"
"male condom","Puerto Rican Association for Human Development, Inc.","98 First Street. 2nd Floor","3333"
"female condom","Puerto Rican Association for Human Development, Inc.","98 First Street. 2nd Floor","3334"
"hiv","Raritan Bay Medical Center ","530 New Brunswick Avenue","3329"
"condom","Baseline 456","287 Madison Avenue","3330"
"male condom","Baseline 456","287 Madison Avenue","3331"
"female condom","Baseline 456","287 Madison Avenue","3332"
"gay","Jersey Pride, Inc.","PO Box 10796","3335"
"condom","D’Amigos Barber Shop","262 Madison Avenue","3336"
"male condom","D’Amigos Barber Shop","262 Madison Avenue","3337"
"female condom","D’Amigos Barber Shop","262 Madison Avenue","3338"
"condom","Drama Salon ","85 Smith Street","3339"
"male condom","Drama Salon ","85 Smith Street","3340"
"female condom","Drama Salon ","85 Smith Street","3341"
"condom","Get Beauty Works","89 Smith Street","3342"
"male condom","Get Beauty Works","89 Smith Street","3343"
"female condom","Get Beauty Works","89 Smith Street","3344"
"condom","Headlinerz","268 Hall Avenue","3345"
"male condom","Headlinerz","268 Hall Avenue","3346"
"female condom","Headlinerz","268 Hall Avenue","3347"
"condom","House of Fades II ","278 Madison Avenue","3348"
"male condom","House of Fades II ","278 Madison Avenue","3349"
"female condom","House of Fades II ","278 Madison Avenue","3350"
"condom","Victor’s Sneaker ","164 Smith Street","3351"
"male condom","Victor’s Sneaker ","164 Smith Street","3352"
"female condom","Victor’s Sneaker ","164 Smith Street","3353"
"condom","Vita Fashion, Inc.","144 Smith Street","3354"
"male condom","Vita Fashion, Inc.","144 Smith Street","3355"
"female condom","Vita Fashion, Inc.","144 Smith Street","3356"
"chlamydia","MUSC Adolescent Medicine Clinic","135 Rutledge Avenue ","3616"
"hpv","MUSC Adolescent Medicine Clinic","135 Rutledge Avenue ","3617"
"gonorrhea","MUSC Adolescent Medicine Clinic","135 Rutledge Avenue ","3618"
"herpes","MUSC Adolescent Medicine Clinic","135 Rutledge Avenue ","3619"
"syphilis","MUSC Adolescent Medicine Clinic","135 Rutledge Avenue ","3620"
"trichomoniasis","MUSC Adolescent Medicine Clinic","135 Rutledge Avenue ","3621"
"hiv","MUSC Adolescent Medicine Clinic","135 Rutledge Avenue ","3622"
"pills","MUSC Adolescent Medicine Clinic","135 Rutledge Avenue ","3623"
"birth control","MUSC Adolescent Medicine Clinic","135 Rutledge Avenue ","3624"
"patch","MUSC Adolescent Medicine Clinic","135 Rutledge Avenue ","3625"
"ring","MUSC Adolescent Medicine Clinic","135 Rutledge Avenue ","3626"
"condom","MUSC Adolescent Medicine Clinic","135 Rutledge Avenue ","3627"
"male condom","MUSC Adolescent Medicine Clinic","135 Rutledge Avenue ","3628"
"female condom","MUSC Adolescent Medicine Clinic","135 Rutledge Avenue ","3629"
"pregnancy","MUSC Adolescent Medicine Clinic","135 Rutledge Avenue ","3630"
"hormonal","MUSC Adolescent Medicine Clinic","135 Rutledge Avenue ","3631"
"diaphragm","MUSC Adolescent Medicine Clinic","135 Rutledge Avenue ","3632"
"ec","MUSC Adolescent Medicine Clinic","135 Rutledge Avenue ","3633"
"visiting a clinic","MUSC Adolescent Medicine Clinic","135 Rutledge Avenue ","3634"
"std","MUSC Adolescent Medicine Clinic","135 Rutledge Avenue ","3635"
"STDs","MUSC Adolescent Medicine Clinic","135 Rutledge Avenue ","3636"
"pregnancy test","MUSC Adolescent Medicine Clinic","135 Rutledge Avenue ","3638"
"trich","MUSC Adolescent Medicine Clinic","135 Rutledge Avenue ","3640"
"condoms","MUSC Adolescent Medicine Clinic","135 Rutledge Avenue ","3641"
"chlamydia","STOPP Teen Health Clinic","7610 Highway 162","3642"
"hpv","STOPP Teen Health Clinic","7610 Highway 162","3643"
"gonorrhea","STOPP Teen Health Clinic","7610 Highway 162","3644"
"herpes","STOPP Teen Health Clinic","7610 Highway 162","3645"
"syphilis","STOPP Teen Health Clinic","7610 Highway 162","3646"
"trichomoniasis","STOPP Teen Health Clinic","7610 Highway 162","3647"
"hiv","STOPP Teen Health Clinic","7610 Highway 162","3648"
"pills","STOPP Teen Health Clinic","7610 Highway 162","3649"
"birth control","STOPP Teen Health Clinic","7610 Highway 162","3650"
"patch","STOPP Teen Health Clinic","7610 Highway 162","3651"
"ring","STOPP Teen Health Clinic","7610 Highway 162","3652"
"implant","STOPP Teen Health Clinic","7610 Highway 162","3653"
"condom","STOPP Teen Health Clinic","7610 Highway 162","3654"
"male condom","STOPP Teen Health Clinic","7610 Highway 162","3655"
"female condom","STOPP Teen Health Clinic","7610 Highway 162","3656"
"pregnancy","STOPP Teen Health Clinic","7610 Highway 162","3657"
"hormonal","STOPP Teen Health Clinic","7610 Highway 162","3658"
"ec","STOPP Teen Health Clinic","7610 Highway 162","3659"
"visiting a clinic","STOPP Teen Health Clinic","7610 Highway 162","3660"
"std","STOPP Teen Health Clinic","7610 Highway 162","3661"
"pregnancy test","STOPP Teen Health Clinic","7610 Highway 162","3663"
"trich","STOPP Teen Health Clinic","7610 Highway 162","3665"
"condoms","STOPP Teen Health Clinic","7610 Highway 162","3666"
"hiv","AIDS Partnership Michigan","2751 East Jefferson, Suite 301","3780"
"condom","AIDS Partnership Michigan","2751 East Jefferson, Suite 301","3782"
"male condom","AIDS Partnership Michigan","2751 East Jefferson, Suite 301","3783"
"female condom","AIDS Partnership Michigan","2751 East Jefferson, Suite 301","3784"
"gay","AIDS Partnership Michigan","2751 East Jefferson, Suite 301","3787"
"lesbian","AIDS Partnership Michigan","2751 East Jefferson, Suite 301","3788"
"transgender","AIDS Partnership Michigan","2751 East Jefferson, Suite 301","3789"
"sexual identity","AIDS Partnership Michigan","2751 East Jefferson, Suite 301","3790"
"visiting a clinic","AIDS Partnership Michigan","2751 East Jefferson, Suite 301","3791"
"condoms","AIDS Partnership Michigan","2751 East Jefferson, Suite 301","3795"
"screening","AIDS Partnership Michigan","2751 East Jefferson, Suite 301","3811"
"HIV Testing","AIDS Partnership Michigan","2751 East Jefferson, Suite 301","4092"
"chlamydia","City of Detroit Health Department ","1151 Taylor ","3812"
"hpv","City of Detroit Health Department ","1151 Taylor ","3813"
"gonorrhea","City of Detroit Health Department ","1151 Taylor ","3814"
"herpes","City of Detroit Health Department ","1151 Taylor ","3815"
"syphilis","City of Detroit Health Department ","1151 Taylor ","3816"
"trichomoniasis","City of Detroit Health Department ","1151 Taylor ","3817"
"hiv","City of Detroit Health Department ","1151 Taylor ","3818"
"birth control","City of Detroit Health Department ","1151 Taylor ","3819"
"condom","City of Detroit Health Department ","1151 Taylor ","3820"
"male condom","City of Detroit Health Department ","1151 Taylor ","3821"
"female condom","City of Detroit Health Department ","1151 Taylor ","3822"
"visiting a clinic","City of Detroit Health Department ","1151 Taylor ","3823"
"STDs","City of Detroit Health Department ","1151 Taylor ","3824"
"prenatal","City of Detroit Health Department ","1151 Taylor ","3825"
"trich","City of Detroit Health Department ","1151 Taylor ","3826"
"condoms","City of Detroit Health Department ","1151 Taylor ","3827"
"Mental Health","City of Detroit Health Department ","1151 Taylor ","3828"
"screening","City of Detroit Health Department ","1151 Taylor ","3829"
"chlamydia","Detroit Health Center ","3135 Woodward Avenue ","3830"
"hpv","Detroit Health Center ","3135 Woodward Avenue ","3831"
"gonorrhea","Detroit Health Center ","3135 Woodward Avenue ","3832"
"herpes","Detroit Health Center ","3135 Woodward Avenue ","3833"
"syphilis","Detroit Health Center ","3135 Woodward Avenue ","3834"
"trichomoniasis","Detroit Health Center ","3135 Woodward Avenue ","3835"
"hiv","Detroit Health Center ","3135 Woodward Avenue ","3836"
"pills","Detroit Health Center ","3135 Woodward Avenue ","3837"
"birth control","Detroit Health Center ","3135 Woodward Avenue ","3838"
"patch","Detroit Health Center ","3135 Woodward Avenue ","3839"
"ring","Detroit Health Center ","3135 Woodward Avenue ","3840"
"implant","Detroit Health Center ","3135 Woodward Avenue ","3841"
"cervical cap","Detroit Health Center ","3135 Woodward Avenue ","3842"
"condom","Detroit Health Center ","3135 Woodward Avenue ","3843"
"male condom","Detroit Health Center ","3135 Woodward Avenue ","3844"
"female condom","Detroit Health Center ","3135 Woodward Avenue ","3845"
"pregnancy","Detroit Health Center ","3135 Woodward Avenue ","3846"
"hormonal","Detroit Health Center ","3135 Woodward Avenue ","3847"
"sponge","Detroit Health Center ","3135 Woodward Avenue ","3848"
"diaphragm","Detroit Health Center ","3135 Woodward Avenue ","3849"
"ec","Detroit Health Center ","3135 Woodward Avenue ","3850"
"iud","Detroit Health Center ","3135 Woodward Avenue ","3851"
"sexual assault","Detroit Health Center ","3135 Woodward Avenue ","3852"
"relationships","Detroit Health Center ","3135 Woodward Avenue ","3853"
"pregnancy test","Detroit Health Center ","3135 Woodward Avenue ","3854"
"prenatal","Detroit Health Center ","3135 Woodward Avenue ","3855"
"trich","Detroit Health Center ","3135 Woodward Avenue ","3857"
"condoms","Detroit Health Center ","3135 Woodward Avenue ","3858"
"Mental Health","Detroit Health Center ","3135 Woodward Avenue ","3859"
"screening","Detroit Health Center ","3135 Woodward Avenue ","3860"
"chlamydia","Genesee County Health Department ","630 South Saginaw Street ","3861"
"hpv","Genesee County Health Department ","630 South Saginaw Street ","3862"
"gonorrhea","Genesee County Health Department ","630 South Saginaw Street ","3863"
"herpes","Genesee County Health Department ","630 South Saginaw Street ","3864"
"syphilis","Genesee County Health Department ","630 South Saginaw Street ","3865"
"trichomoniasis","Genesee County Health Department ","630 South Saginaw Street ","3866"
"hiv","Genesee County Health Department ","630 South Saginaw Street ","3867"
"condom","Genesee County Health Department ","630 South Saginaw Street ","3868"
"male condom","Genesee County Health Department ","630 South Saginaw Street ","3869"
"female condom","Genesee County Health Department ","630 South Saginaw Street ","3870"
"condoms","Genesee County Health Department ","630 South Saginaw Street ","3872"
"chlamydia","DeRoy Medical Center ","3135 Woodward Avenue ","3873"
"hpv","DeRoy Medical Center ","3135 Woodward Avenue ","3874"
"gonorrhea","DeRoy Medical Center ","3135 Woodward Avenue ","3875"
"herpes","DeRoy Medical Center ","3135 Woodward Avenue ","3876"
"syphilis","DeRoy Medical Center ","3135 Woodward Avenue ","3877"
"trichomoniasis","DeRoy Medical Center ","3135 Woodward Avenue ","3878"
"hiv","DeRoy Medical Center ","3135 Woodward Avenue ","3879"
"pills","DeRoy Medical Center ","3135 Woodward Avenue ","3880"
"birth control","DeRoy Medical Center ","3135 Woodward Avenue ","3881"
"patch","DeRoy Medical Center ","3135 Woodward Avenue ","3882"
"ring","DeRoy Medical Center ","3135 Woodward Avenue ","3883"
"implant","DeRoy Medical Center ","3135 Woodward Avenue ","3884"
"cervical cap","DeRoy Medical Center ","3135 Woodward Avenue ","3885"
"condom","DeRoy Medical Center ","3135 Woodward Avenue ","3886"
"male condom","DeRoy Medical Center ","3135 Woodward Avenue ","3887"
"female condom","DeRoy Medical Center ","3135 Woodward Avenue ","3888"
"pregnancy","DeRoy Medical Center ","3135 Woodward Avenue ","3889"
"STDs","DeRoy Medical Center ","3135 Woodward Avenue ","3890"
"pregnancy test","DeRoy Medical Center ","3135 Woodward Avenue ","3891"
"prenatal","DeRoy Medical Center ","3135 Woodward Avenue ","3892"
"condoms","DeRoy Medical Center ","3135 Woodward Avenue ","3894"
"screening","DeRoy Medical Center ","3135 Woodward Avenue ","3895"
"hiv","Children's Hospital-Adolescent Medicine Horizons Project ","3901 Beaubien ","3896"
"condom","Children's Hospital-Adolescent Medicine Horizons Project ","3901 Beaubien ","3897"
"male condom","Children's Hospital-Adolescent Medicine Horizons Project ","3901 Beaubien ","3898"
"female condom","Children's Hospital-Adolescent Medicine Horizons Project ","3901 Beaubien ","3899"
"gay","Children's Hospital-Adolescent Medicine Horizons Project ","3901 Beaubien ","3900"
"lesbian","Children's Hospital-Adolescent Medicine Horizons Project ","3901 Beaubien ","3901"
"transgender","Children's Hospital-Adolescent Medicine Horizons Project ","3901 Beaubien ","3902"
"screening","Children's Hospital-Adolescent Medicine Horizons Project ","3901 Beaubien ","3903"
"hiv","Community Health Awareness Group ","1300 West Fort St. ","3904"
"condom","Community Health Awareness Group ","1300 West Fort St. ","3905"
"male condom","Community Health Awareness Group ","1300 West Fort St. ","3906"
"female condom","Community Health Awareness Group ","1300 West Fort St. ","3907"
"STDs","Community Health Awareness Group ","1300 West Fort St. ","3908"
"condoms","Community Health Awareness Group ","1300 West Fort St. ","3909"
"chlamydia","Detroit Medical Center ","3750 Woodward Ste. 200 ","3910"
"hpv","Detroit Medical Center ","3750 Woodward Ste. 200 ","3911"
"gonorrhea","Detroit Medical Center ","3750 Woodward Ste. 200 ","3912"
"herpes","Detroit Medical Center ","3750 Woodward Ste. 200 ","3913"
"trichomoniasis","Detroit Medical Center ","3750 Woodward Ste. 200 ","3914"
"hiv","Detroit Medical Center ","3750 Woodward Ste. 200 ","3915"
"pills","Detroit Medical Center ","3750 Woodward Ste. 200 ","3916"
"birth control","Detroit Medical Center ","3750 Woodward Ste. 200 ","3917"
"coc","Detroit Medical Center ","3750 Woodward Ste. 200 ","3918"
"pop","Detroit Medical Center ","3750 Woodward Ste. 200 ","3919"
"patch","Detroit Medical Center ","3750 Woodward Ste. 200 ","3920"
"ring","Detroit Medical Center ","3750 Woodward Ste. 200 ","3921"
"implant","Detroit Medical Center ","3750 Woodward Ste. 200 ","3922"
"cervical cap","Detroit Medical Center ","3750 Woodward Ste. 200 ","3923"
"condom","Detroit Medical Center ","3750 Woodward Ste. 200 ","3924"
"male condom","Detroit Medical Center ","3750 Woodward Ste. 200 ","3925"
"female condom","Detroit Medical Center ","3750 Woodward Ste. 200 ","3926"
"film","Detroit Medical Center ","3750 Woodward Ste. 200 ","3927"
"foam","Detroit Medical Center ","3750 Woodward Ste. 200 ","3928"
"pregnancy","Detroit Medical Center ","3750 Woodward Ste. 200 ","3929"
"hormonal","Detroit Medical Center ","3750 Woodward Ste. 200 ","3930"
"sponge","Detroit Medical Center ","3750 Woodward Ste. 200 ","3931"
"ec","Detroit Medical Center ","3750 Woodward Ste. 200 ","3932"
"STDs","Detroit Medical Center ","3750 Woodward Ste. 200 ","3933"
"pregnancy test","Detroit Medical Center ","3750 Woodward Ste. 200 ","3934"
"gay","Detroit Medical Center ","3750 Woodward Ste. 200 ","3935"
"adoption","Detroit Medical Center ","3750 Woodward Ste. 200 ","3936"
"prenatal","Detroit Medical Center ","3750 Woodward Ste. 200 ","3937"
"trich","Detroit Medical Center ","3750 Woodward Ste. 200 ","3939"
"condoms","Detroit Medical Center ","3750 Woodward Ste. 200 ","3940"
"Mental Health","Detroit Medical Center ","3750 Woodward Ste. 200 ","3941"
"screening","Detroit Medical Center ","3750 Woodward Ste. 200 ","3942"
"hiv","American Indian Health Center ","4880 Lawndale St. ","3943"
"condom","American Indian Health Center ","4880 Lawndale St. ","4320"
"male condom","American Indian Health Center ","4880 Lawndale St. ","4321"
"female condom","American Indian Health Center ","4880 Lawndale St. ","4322"
"film","American Indian Health Center ","4880 Lawndale St. ","4323"
"condoms","American Indian Health Center ","4880 Lawndale St. ","4324"
"HIV Testing","American Indian Health Center ","4880 Lawndale St. ","4325"
"referrals","American Indian Health Center ","4880 Lawndale St. ","4326"
"chlamydia","Planned Parenthood of Southeast Michigan ","8325 E. Jefferson  ","3944"
"hpv","Planned Parenthood of Southeast Michigan ","8325 E. Jefferson  ","3945"
"gonorrhea","Planned Parenthood of Southeast Michigan ","8325 E. Jefferson  ","3946"
"syphilis","Planned Parenthood of Southeast Michigan ","8325 E. Jefferson  ","3947"
"trichomoniasis","Planned Parenthood of Southeast Michigan ","8325 E. Jefferson  ","3948"
"hiv","Planned Parenthood of Southeast Michigan ","8325 E. Jefferson  ","3949"
"birth control","Planned Parenthood of Southeast Michigan ","8325 E. Jefferson  ","3950"
"coc","Planned Parenthood of Southeast Michigan ","8325 E. Jefferson  ","3951"
"patch","Planned Parenthood of Southeast Michigan ","8325 E. Jefferson  ","3952"
"implant","Planned Parenthood of Southeast Michigan ","8325 E. Jefferson  ","3953"
"condom","Planned Parenthood of Southeast Michigan ","8325 E. Jefferson  ","3954"
"female condom","Planned Parenthood of Southeast Michigan ","8325 E. Jefferson  ","3955"
"foam","Planned Parenthood of Southeast Michigan ","8325 E. Jefferson  ","3956"
"hormonal","Planned Parenthood of Southeast Michigan ","8325 E. Jefferson  ","3957"
"sponge","Planned Parenthood of Southeast Michigan ","8325 E. Jefferson  ","3958"
"ec","Planned Parenthood of Southeast Michigan ","8325 E. Jefferson  ","3959"
"iud","Planned Parenthood of Southeast Michigan ","8325 E. Jefferson  ","3960"
"visiting a clinic","Planned Parenthood of Southeast Michigan ","8325 E. Jefferson  ","3961"
"relationships","Planned Parenthood of Southeast Michigan ","8325 E. Jefferson  ","3962"
"STDs","Planned Parenthood of Southeast Michigan ","8325 E. Jefferson  ","3963"
"pregnancy test","Planned Parenthood of Southeast Michigan ","8325 E. Jefferson  ","3964"
"condoms","Planned Parenthood of Southeast Michigan ","8325 E. Jefferson  ","3966"
"Mental Health","Planned Parenthood of Southeast Michigan ","8325 E. Jefferson  ","3967"
"screening","Planned Parenthood of Southeast Michigan ","8325 E. Jefferson  ","3968"
"hiv","Gratiot Clinic ","3506 Gratiot ","3969"
"condom","Gratiot Clinic ","3506 Gratiot ","3970"
"male condom","Gratiot Clinic ","3506 Gratiot ","3971"
"female condom","Gratiot Clinic ","3506 Gratiot ","3972"
"STDs","Gratiot Clinic ","3506 Gratiot ","3973"
"hiv","Horizons Project ","3127 E. Canfield St. ","3974"
"condom","Horizons Project ","3127 E. Canfield St. ","3975"
"male condom","Horizons Project ","3127 E. Canfield St. ","3976"
"female condom","Horizons Project ","3127 E. Canfield St. ","3977"
"transgender","Horizons Project ","3127 E. Canfield St. ","3978"
"gay","Horizons Project ","3127 E. Canfield St. ","3979"
"condoms","Horizons Project ","3127 E. Canfield St. ","3980"
"hiv","Michigan AIDS Coalition ","429 Livernois St. ","3987"
"male condom","Michigan AIDS Coalition ","429 Livernois St. ","3988"
"female condom","Michigan AIDS Coalition ","429 Livernois St. ","3989"
"transgender","Michigan AIDS Coalition ","429 Livernois St. ","3990"
"sexual identity","Michigan AIDS Coalition ","429 Livernois St. ","3991"
"gay","Michigan AIDS Coalition ","429 Livernois St. ","3992"
"condoms","Michigan AIDS Coalition ","429 Livernois St. ","3993"
"chlamydia","Huron County Health Department ","1142 South Van Dyke ","4002"
"hpv","Huron County Health Department ","1142 South Van Dyke ","4003"
"gonorrhea","Huron County Health Department ","1142 South Van Dyke ","4004"
"herpes","Huron County Health Department ","1142 South Van Dyke ","4005"
"syphilis","Huron County Health Department ","1142 South Van Dyke ","4006"
"trichomoniasis","Huron County Health Department ","1142 South Van Dyke ","4007"
"hiv","Huron County Health Department ","1142 South Van Dyke ","4008"
"STDs","Huron County Health Department ","1142 South Van Dyke ","4009"
"trich","Huron County Health Department ","1142 South Van Dyke ","4010"
"screening","Huron County Health Department ","1142 South Van Dyke ","4011"
"chlamydia","Ingham County Health Department ","5303 South Cedar/ P.O. Box 30161 ","4012"
"hiv","Ingham County Health Department ","5303 South Cedar/ P.O. Box 30161 ","4013"
"STDs","Ingham County Health Department ","5303 South Cedar/ P.O. Box 30161 ","4014"
"condoms","Ingham County Health Department ","5303 South Cedar/ P.O. Box 30161 ","4015"
"screening","Ingham County Health Department ","5303 South Cedar/ P.O. Box 30161 ","4016"
"pregnancy","Charleston Women's Medical Clinic","1312 Ashley River Rd","4040"
"rape","Charleston Women's Medical Clinic","1312 Ashley River Rd","4041"
"visiting a clinic","Charleston Women's Medical Clinic","1312 Ashley River Rd","4042"
"abortion","Charleston Women's Medical Clinic","1312 Ashley River Rd","4044"
"pregnancy test","Charleston Women's Medical Clinic","1312 Ashley River Rd","4045"
"chlamydia","Greenville Women's Clinic","1142 Grove Road","4054"
"hpv","Greenville Women's Clinic","1142 Grove Road","4055"
"gonorrhea","Greenville Women's Clinic","1142 Grove Road","4056"
"herpes","Greenville Women's Clinic","1142 Grove Road","4057"
"syphilis","Greenville Women's Clinic","1142 Grove Road","4058"
"hiv","Greenville Women's Clinic","1142 Grove Road","4059"
"pregnancy","Greenville Women's Clinic","1142 Grove Road","4060"
"ec","Greenville Women's Clinic","1142 Grove Road","4061"
"visiting a clinic","Greenville Women's Clinic","1142 Grove Road","4062"
"std","Greenville Women's Clinic","1142 Grove Road","4063"
"STDs","Greenville Women's Clinic","1142 Grove Road","4064"
"abortion","Greenville Women's Clinic","1142 Grove Road","4066"
"pregnancy test","Greenville Women's Clinic","1142 Grove Road","4067"
"screening","Greenville Women's Clinic","1142 Grove Road","4068"
"HIV Testing","Greenville Women's Clinic","1142 Grove Road","4069"
"chlamydia","Jackson County Health Department  ","1715 Lansing Avenue. Suite 221 ","4093"
"hpv","Jackson County Health Department  ","1715 Lansing Avenue. Suite 221 ","4094"
"gonorrhea","Jackson County Health Department  ","1715 Lansing Avenue. Suite 221 ","4095"
"herpes","Jackson County Health Department  ","1715 Lansing Avenue. Suite 221 ","4096"
"syphilis","Jackson County Health Department  ","1715 Lansing Avenue. Suite 221 ","4097"
"trichomoniasis","Jackson County Health Department  ","1715 Lansing Avenue. Suite 221 ","4098"
"hiv","Jackson County Health Department  ","1715 Lansing Avenue. Suite 221 ","4099"
"pills","Jackson County Health Department  ","1715 Lansing Avenue. Suite 221 ","4100"
"birth control","Jackson County Health Department  ","1715 Lansing Avenue. Suite 221 ","4101"
"condom","Jackson County Health Department  ","1715 Lansing Avenue. Suite 221 ","4102"
"female condom","Jackson County Health Department  ","1715 Lansing Avenue. Suite 221 ","4103"
"STDs","Jackson County Health Department  ","1715 Lansing Avenue. Suite 221 ","4104"
"trich","Jackson County Health Department  ","1715 Lansing Avenue. Suite 221 ","4105"
"condoms","Jackson County Health Department  ","1715 Lansing Avenue. Suite 221 ","4106"
"screening","Jackson County Health Department  ","1715 Lansing Avenue. Suite 221 ","4107"
"HIV Testing","Jackson County Health Department  ","1715 Lansing Avenue. Suite 221 ","4108"
"chlamydia","St. John's School-Based Health Center","2301 Van Dyke","4109"
"hpv","St. John's School-Based Health Center","2301 Van Dyke","4110"
"gonorrhea","St. John's School-Based Health Center","2301 Van Dyke","4111"
"herpes","St. John's School-Based Health Center","2301 Van Dyke","4112"
"syphilis","St. John's School-Based Health Center","2301 Van Dyke","4113"
"trichomoniasis","St. John's School-Based Health Center","2301 Van Dyke","4114"
"hiv","St. John's School-Based Health Center","2301 Van Dyke","4115"
"pills","St. John's School-Based Health Center","2301 Van Dyke","4116"
"condom","St. John's School-Based Health Center","2301 Van Dyke","4117"
"abstinence","St. John's School-Based Health Center","2301 Van Dyke","4118"
"trich","St. John's School-Based Health Center","2301 Van Dyke","4119"
"screening","St. John's School-Based Health Center","2301 Van Dyke","4120"
"sexual identity","St. John's School-Based Health Center","2301 Van Dyke","4121"
"relationships","St. John's School-Based Health Center","2301 Van Dyke","4122"
"STDs","St. John's School-Based Health Center","2301 Van Dyke","4123"
"Mental Health","St. John's School-Based Health Center","2301 Van Dyke","4124"
"HIV Testing","St. John's School-Based Health Center","2301 Van Dyke","4125"
"chlamydia","Lenawee County Health Department ","1040 South Winter/Suite 2328 ","4191"
"hpv","Lenawee County Health Department ","1040 South Winter/Suite 2328 ","4192"
"gonorrhea","Lenawee County Health Department ","1040 South Winter/Suite 2328 ","4193"
"herpes","Lenawee County Health Department ","1040 South Winter/Suite 2328 ","4194"
"syphilis","Lenawee County Health Department ","1040 South Winter/Suite 2328 ","4195"
"trichomoniasis","Lenawee County Health Department ","1040 South Winter/Suite 2328 ","4196"
"hiv","Lenawee County Health Department ","1040 South Winter/Suite 2328 ","4197"
"condom","Lenawee County Health Department ","1040 South Winter/Suite 2328 ","4198"
"male condom","Lenawee County Health Department ","1040 South Winter/Suite 2328 ","4199"
"female condom","Lenawee County Health Department ","1040 South Winter/Suite 2328 ","4200"
"visiting a clinic","Lenawee County Health Department ","1040 South Winter/Suite 2328 ","4201"
"std","Lenawee County Health Department ","1040 South Winter/Suite 2328 ","4202"
"STDs","Lenawee County Health Department ","1040 South Winter/Suite 2328 ","4203"
"abstinence","Lenawee County Health Department ","1040 South Winter/Suite 2328 ","4204"
"trich","Lenawee County Health Department ","1040 South Winter/Suite 2328 ","4205"
"condoms","Lenawee County Health Department ","1040 South Winter/Suite 2328 ","4206"
"screening","Lenawee County Health Department ","1040 South Winter/Suite 2328 ","4207"
"HIV Testing","Lenawee County Health Department ","1040 South Winter/Suite 2328 ","4208"
"referrals","Lenawee County Health Department ","1040 South Winter/Suite 2328 ","4209"
"chlamydia","Livingston County Department of Public Health ","2300 East Grand River Avenue/Suite 102 ","4210"
"hpv","Livingston County Department of Public Health ","2300 East Grand River Avenue/Suite 102 ","4211"
"gonorrhea","Livingston County Department of Public Health ","2300 East Grand River Avenue/Suite 102 ","4212"
"herpes","Livingston County Department of Public Health ","2300 East Grand River Avenue/Suite 102 ","4213"
"syphilis","Livingston County Department of Public Health ","2300 East Grand River Avenue/Suite 102 ","4214"
"trichomoniasis","Livingston County Department of Public Health ","2300 East Grand River Avenue/Suite 102 ","4215"
"hiv","Livingston County Department of Public Health ","2300 East Grand River Avenue/Suite 102 ","4216"
"condom","Livingston County Department of Public Health ","2300 East Grand River Avenue/Suite 102 ","4217"
"male condom","Livingston County Department of Public Health ","2300 East Grand River Avenue/Suite 102 ","4218"
"female condom","Livingston County Department of Public Health ","2300 East Grand River Avenue/Suite 102 ","4219"
"std","Livingston County Department of Public Health ","2300 East Grand River Avenue/Suite 102 ","4220"
"STDs","Livingston County Department of Public Health ","2300 East Grand River Avenue/Suite 102 ","4221"
"abstinence","Livingston County Department of Public Health ","2300 East Grand River Avenue/Suite 102 ","4222"
"trich","Livingston County Department of Public Health ","2300 East Grand River Avenue/Suite 102 ","4223"
"condoms","Livingston County Department of Public Health ","2300 East Grand River Avenue/Suite 102 ","4224"
"Mental Health","Livingston County Department of Public Health ","2300 East Grand River Avenue/Suite 102 ","4225"
"screening","Livingston County Department of Public Health ","2300 East Grand River Avenue/Suite 102 ","4226"
"HIV Testing","Livingston County Department of Public Health ","2300 East Grand River Avenue/Suite 102 ","4227"
"referrals","Livingston County Department of Public Health ","2300 East Grand River Avenue/Suite 102 ","4228"
"chlamydia","Macomb County Health Department","43525 Elizabeth Road","4298"
"hpv","Macomb County Health Department","43525 Elizabeth Road","4299"
"gonorrhea","Macomb County Health Department","43525 Elizabeth Road","4300"
"herpes","Macomb County Health Department","43525 Elizabeth Road","4301"
"syphilis","Macomb County Health Department","43525 Elizabeth Road","4302"
"trichomoniasis","Macomb County Health Department","43525 Elizabeth Road","4303"
"hiv","Macomb County Health Department","43525 Elizabeth Road","4304"
"pills","Macomb County Health Department","43525 Elizabeth Road","4305"
"birth control","Macomb County Health Department","43525 Elizabeth Road","4306"
"condom","Macomb County Health Department","43525 Elizabeth Road","4307"
"male condom","Macomb County Health Department","43525 Elizabeth Road","4308"
"female condom","Macomb County Health Department","43525 Elizabeth Road","4309"
"pregnancy","Macomb County Health Department","43525 Elizabeth Road","4310"
"visiting a clinic","Macomb County Health Department","43525 Elizabeth Road","4311"
"STDs","Macomb County Health Department","43525 Elizabeth Road","4312"
"pregnancy test","Macomb County Health Department","43525 Elizabeth Road","4313"
"prenatal","Macomb County Health Department","43525 Elizabeth Road","4314"
"abstinence","Macomb County Health Department","43525 Elizabeth Road","4315"
"condoms","Macomb County Health Department","43525 Elizabeth Road","4316"
"screening","Macomb County Health Department","43525 Elizabeth Road","4317"
"HIV Testing","Macomb County Health Department","43525 Elizabeth Road","4318"
"referrals","Macomb County Health Department","43525 Elizabeth Road","4319"
"chlamydia","Monroe County Health Department ","2353 South Custer Road (M-50)","4327"
"hpv","Monroe County Health Department ","2353 South Custer Road (M-50)","4328"
"gonorrhea","Monroe County Health Department ","2353 South Custer Road (M-50)","4329"
"herpes","Monroe County Health Department ","2353 South Custer Road (M-50)","4330"
"syphilis","Monroe County Health Department ","2353 South Custer Road (M-50)","4331"
"trichomoniasis","Monroe County Health Department ","2353 South Custer Road (M-50)","4332"
"hiv","Monroe County Health Department ","2353 South Custer Road (M-50)","4333"
"pills","Monroe County Health Department ","2353 South Custer Road (M-50)","4334"
"birth control","Monroe County Health Department ","2353 South Custer Road (M-50)","4335"
"condom","Monroe County Health Department ","2353 South Custer Road (M-50)","4336"
"male condom","Monroe County Health Department ","2353 South Custer Road (M-50)","4337"
"female condom","Monroe County Health Department ","2353 South Custer Road (M-50)","4338"
"STDs","Monroe County Health Department ","2353 South Custer Road (M-50)","4339"
"abstinence","Monroe County Health Department ","2353 South Custer Road (M-50)","4340"
"trich","Monroe County Health Department ","2353 South Custer Road (M-50)","4341"
"condoms","Monroe County Health Department ","2353 South Custer Road (M-50)","4342"
"screening","Monroe County Health Department ","2353 South Custer Road (M-50)","4343"
"HIV Testing","Monroe County Health Department ","2353 South Custer Road (M-50)","4344"
"referrals","Monroe County Health Department ","2353 South Custer Road (M-50)","4345"
"birth control","Francis Marion University","P.O. box 221","4375"
"ring","Francis Marion University","P.O. box 221","4376"
"implant","Francis Marion University","P.O. box 221","4377"
"cervical cap","Francis Marion University","P.O. box 221","4378"
"condom","Francis Marion University","P.O. box 221","4379"
"male condom","Francis Marion University","P.O. box 221","4380"
"female condom","Francis Marion University","P.O. box 221","4381"
"film","Francis Marion University","P.O. box 221","4382"
"foam","Francis Marion University","P.O. box 221","4383"
"hormonal","Francis Marion University","P.O. box 221","4384"
"sponge","Francis Marion University","P.O. box 221","4385"
"diaphragm","Francis Marion University","P.O. box 221","4386"
"ec","Francis Marion University","P.O. box 221","4387"
"idu","Francis Marion University","P.O. box 221","4388"
"iud","Francis Marion University","P.O. box 221","4389"
"visiting a clinic","Francis Marion University","P.O. box 221","4390"
"list","Francis Marion University","P.O. box 221","4391"
"condoms","Francis Marion University","P.O. box 221","4392"
"chlamydia","Oakland County Health Division","1200 North Telegraph Road","4422"
"hpv","Oakland County Health Division","1200 North Telegraph Road","4423"
"gonorrhea","Oakland County Health Division","1200 North Telegraph Road","4424"
"herpes","Oakland County Health Division","1200 North Telegraph Road","4425"
"syphilis","Oakland County Health Division","1200 North Telegraph Road","4426"
"trichomoniasis","Oakland County Health Division","1200 North Telegraph Road","4427"
"hiv","Oakland County Health Division","1200 North Telegraph Road","4428"
"pills","Oakland County Health Division","1200 North Telegraph Road","4429"
"birth control","Oakland County Health Division","1200 North Telegraph Road","4430"
"condom","Oakland County Health Division","1200 North Telegraph Road","4431"
"male condom","Oakland County Health Division","1200 North Telegraph Road","4432"
"female condom","Oakland County Health Division","1200 North Telegraph Road","4433"
"sponge","Oakland County Health Division","1200 North Telegraph Road","4434"
"ec","Oakland County Health Division","1200 North Telegraph Road","4435"
"std","Oakland County Health Division","1200 North Telegraph Road","4436"
"STDs","Oakland County Health Division","1200 North Telegraph Road","4437"
"abstinence","Oakland County Health Division","1200 North Telegraph Road","4438"
"trich","Oakland County Health Division","1200 North Telegraph Road","4439"
"condoms","Oakland County Health Division","1200 North Telegraph Road","4440"
"screening","Oakland County Health Division","1200 North Telegraph Road","4441"
"HIV Testing","Oakland County Health Division","1200 North Telegraph Road","4442"
"referrals","Oakland County Health Division","1200 North Telegraph Road","4443"
"chlamydia","Washtenaw County Public Health Department","555 Towner Avenue","4444"
"hpv","Washtenaw County Public Health Department","555 Towner Avenue","4445"
"gonorrhea","Washtenaw County Public Health Department","555 Towner Avenue","4446"
"herpes","Washtenaw County Public Health Department","555 Towner Avenue","4447"
"syphilis","Washtenaw County Public Health Department","555 Towner Avenue","4448"
"trichomoniasis","Washtenaw County Public Health Department","555 Towner Avenue","4449"
"hiv","Washtenaw County Public Health Department","555 Towner Avenue","4450"
"pills","Washtenaw County Public Health Department","555 Towner Avenue","4451"
"birth control","Washtenaw County Public Health Department","555 Towner Avenue","4452"
"condom","Washtenaw County Public Health Department","555 Towner Avenue","4453"
"male condom","Washtenaw County Public Health Department","555 Towner Avenue","4454"
"female condom","Washtenaw County Public Health Department","555 Towner Avenue","4455"
"std","Washtenaw County Public Health Department","555 Towner Avenue","4456"
"STDs","Washtenaw County Public Health Department","555 Towner Avenue","4457"
"abstinence","Washtenaw County Public Health Department","555 Towner Avenue","4458"
"trich","Washtenaw County Public Health Department","555 Towner Avenue","4459"
"condoms","Washtenaw County Public Health Department","555 Towner Avenue","4460"
"Mental Health","Washtenaw County Public Health Department","555 Towner Avenue","4461"
"screening","Washtenaw County Public Health Department","555 Towner Avenue","4462"
"HIV Testing","Washtenaw County Public Health Department","555 Towner Avenue","4463"
"referrals","Washtenaw County Public Health Department","555 Towner Avenue","4464"
"chlamydia","Livonia Health Center","37625 Ann Arbor Road/Suite 107","4465"
"hpv","Livonia Health Center","37625 Ann Arbor Road/Suite 107","4466"
"gonorrhea","Livonia Health Center","37625 Ann Arbor Road/Suite 107","4467"
"herpes","Livonia Health Center","37625 Ann Arbor Road/Suite 107","4468"
"syphilis","Livonia Health Center","37625 Ann Arbor Road/Suite 107","4469"
"trichomoniasis","Livonia Health Center","37625 Ann Arbor Road/Suite 107","4470"
"hiv","Livonia Health Center","37625 Ann Arbor Road/Suite 107","4471"
"birth control","Livonia Health Center","37625 Ann Arbor Road/Suite 107","4472"
"condom","Livonia Health Center","37625 Ann Arbor Road/Suite 107","4473"
"male condom","Livonia Health Center","37625 Ann Arbor Road/Suite 107","4474"
"female condom","Livonia Health Center","37625 Ann Arbor Road/Suite 107","4475"
"std","Livonia Health Center","37625 Ann Arbor Road/Suite 107","4476"
"STDs","Livonia Health Center","37625 Ann Arbor Road/Suite 107","4477"
"trich","Livonia Health Center","37625 Ann Arbor Road/Suite 107","4478"
"condoms","Livonia Health Center","37625 Ann Arbor Road/Suite 107","4479"
"Mental Health","Livonia Health Center","37625 Ann Arbor Road/Suite 107","4480"
"screening","Livonia Health Center","37625 Ann Arbor Road/Suite 107","4481"
"HIV Testing","Livonia Health Center","37625 Ann Arbor Road/Suite 107","4482"
"referrals","Livonia Health Center","37625 Ann Arbor Road/Suite 107","4483"
"chlamydia","Warren Health Center","25832 Dequindre","4484"
"hpv","Warren Health Center","25832 Dequindre","4485"
"gonorrhea","Warren Health Center","25832 Dequindre","4486"
"herpes","Warren Health Center","25832 Dequindre","4487"
"syphilis","Warren Health Center","25832 Dequindre","4488"
"trichomoniasis","Warren Health Center","25832 Dequindre","4489"
"hiv","Warren Health Center","25832 Dequindre","4490"
"pills","Warren Health Center","25832 Dequindre","4491"
"birth control","Warren Health Center","25832 Dequindre","4492"
"condom","Warren Health Center","25832 Dequindre","4493"
"male condom","Warren Health Center","25832 Dequindre","4494"
"female condom","Warren Health Center","25832 Dequindre","4495"
"visiting a clinic","Warren Health Center","25832 Dequindre","4496"
"std","Warren Health Center","25832 Dequindre","4497"
"STDs","Warren Health Center","25832 Dequindre","4498"
"condoms","Warren Health Center","25832 Dequindre","4499"
"Mental Health","Warren Health Center","25832 Dequindre","4500"
"screening","Warren Health Center","25832 Dequindre","4501"
"HIV Testing","Warren Health Center","25832 Dequindre","4502"
"referrals","Warren Health Center","25832 Dequindre","4503"
"chlamydia","Ypsilanti Health Center","840 Maus Avenue ","4504"
"hpv","Ypsilanti Health Center","840 Maus Avenue ","4505"
"gonorrhea","Ypsilanti Health Center","840 Maus Avenue ","4506"
"herpes","Ypsilanti Health Center","840 Maus Avenue ","4507"
"syphilis","Ypsilanti Health Center","840 Maus Avenue ","4508"
"trichomoniasis","Ypsilanti Health Center","840 Maus Avenue ","4509"
"hiv","Ypsilanti Health Center","840 Maus Avenue ","4510"
"pills","Ypsilanti Health Center","840 Maus Avenue ","4511"
"birth control","Ypsilanti Health Center","840 Maus Avenue ","4512"
"condom","Ypsilanti Health Center","840 Maus Avenue ","4513"
"male condom","Ypsilanti Health Center","840 Maus Avenue ","4514"
"female condom","Ypsilanti Health Center","840 Maus Avenue ","4515"
"std","Ypsilanti Health Center","840 Maus Avenue ","4516"
"STDs","Ypsilanti Health Center","840 Maus Avenue ","4517"
"trich","Ypsilanti Health Center","840 Maus Avenue ","4518"
"condoms","Ypsilanti Health Center","840 Maus Avenue ","4519"
"Mental Health","Ypsilanti Health Center","840 Maus Avenue ","4520"
"screening","Ypsilanti Health Center","840 Maus Avenue ","4521"
"HIV Testing","Ypsilanti Health Center","840 Maus Avenue ","4522"
"referrals","Ypsilanti Health Center","840 Maus Avenue ","4523"
"hiv","Tulsa","100 Main St","4529"
